{
  "cluster_0": "2",
  "cluster_1": "4",
  "cluster_10": "30",
  "cluster_11": "18",
  "cluster_12": "31",
  "cluster_13": "6",
  "cluster_14": "8",
  "cluster_15": "11",
  "cluster_16": "14",
  "cluster_17": "26",
  "cluster_18": "12",
  "cluster_19": "0",
  "cluster_2": "9",
  "cluster_20": "28",
  "cluster_21": "29",
  "cluster_22": "10",
  "cluster_23": "3",
  "cluster_24": "25",
  "cluster_3": "7",
  "cluster_4": "17",
  "cluster_5": "15",
  "cluster_6": "23",
  "cluster_7": "19",
  "cluster_8": "21",
  "cluster_9": "24"
}