{
  "cluster_0": "26",
  "cluster_1": "6",
  "cluster_10": "23",
  "cluster_11": "20",
  "cluster_12": "19",
  "cluster_13": "16",
  "cluster_14": "7",
  "cluster_15": "9",
  "cluster_16": "12",
  "cluster_17": "27",
  "cluster_18": "14",
  "cluster_19": "8",
  "cluster_2": "17",
  "cluster_20": "29",
  "cluster_21": "10",
  "cluster_22": "21",
  "cluster_23": "28",
  "cluster_24": "5",
  "cluster_3": "13",
  "cluster_4": "2",
  "cluster_5": "31",
  "cluster_6": "30",
  "cluster_7": "22",
  "cluster_8": "3",
  "cluster_9": "0"
}