{
  "cluster_0": "31",
  "cluster_1": "13",
  "cluster_10": "25",
  "cluster_11": "28",
  "cluster_12": "12",
  "cluster_13": "3",
  "cluster_14": "30",
  "cluster_15": "18",
  "cluster_16": "4",
  "cluster_17": "2",
  "cluster_18": "23",
  "cluster_19": "26",
  "cluster_2": "10",
  "cluster_20": "29",
  "cluster_21": "24",
  "cluster_22": "8",
  "cluster_23": "9",
  "cluster_24": "27",
  "cluster_25": "19",
  "cluster_26": "22",
  "cluster_3": "16",
  "cluster_4": "0",
  "cluster_5": "7",
  "cluster_6": "21",
  "cluster_7": "17",
  "cluster_8": "20",
  "cluster_9": "1"
}