{
  "cluster_0": "14",
  "cluster_1": "29",
  "cluster_10": "24",
  "cluster_11": "19",
  "cluster_12": "21",
  "cluster_13": "22",
  "cluster_14": "7",
  "cluster_15": "3",
  "cluster_16": "5",
  "cluster_17": "31",
  "cluster_18": "20",
  "cluster_19": "23",
  "cluster_2": "2",
  "cluster_20": "0",
  "cluster_21": "13",
  "cluster_22": "26",
  "cluster_23": "11",
  "cluster_24": "1",
  "cluster_25": "15",
  "cluster_26": "27",
  "cluster_27": "4",
  "cluster_28": "18",
  "cluster_29": "17",
  "cluster_3": "28",
  "cluster_4": "16",
  "cluster_5": "12",
  "cluster_6": "6",
  "cluster_7": "25",
  "cluster_8": "30",
  "cluster_9": "10"
}