{
  "cluster_0": "0",
  "cluster_1": "20",
  "cluster_10": "24",
  "cluster_11": "11",
  "cluster_12": "17",
  "cluster_13": "31",
  "cluster_14": "5",
  "cluster_15": "27",
  "cluster_16": "28",
  "cluster_17": "6",
  "cluster_18": "10",
  "cluster_19": "12",
  "cluster_2": "2",
  "cluster_20": "14",
  "cluster_21": "22",
  "cluster_22": "21",
  "cluster_23": "8",
  "cluster_24": "29",
  "cluster_25": "15",
  "cluster_26": "9",
  "cluster_27": "25",
  "cluster_28": "7",
  "cluster_29": "26",
  "cluster_3": "13",
  "cluster_4": "30",
  "cluster_5": "1",
  "cluster_6": "4",
  "cluster_7": "18",
  "cluster_8": "23",
  "cluster_9": "19"
}