{
  "cluster_0": "20",
  "cluster_1": "12",
  "cluster_10": "7",
  "cluster_11": "24",
  "cluster_12": "17",
  "cluster_13": "30",
  "cluster_14": "18",
  "cluster_15": "0",
  "cluster_16": "14",
  "cluster_17": "6",
  "cluster_18": "31",
  "cluster_19": "16",
  "cluster_2": "15",
  "cluster_20": "5",
  "cluster_21": "10",
  "cluster_22": "23",
  "cluster_23": "11",
  "cluster_24": "21",
  "cluster_25": "25",
  "cluster_26": "9",
  "cluster_3": "29",
  "cluster_4": "27",
  "cluster_5": "13",
  "cluster_6": "4",
  "cluster_7": "19",
  "cluster_8": "2",
  "cluster_9": "1"
}