{
  "cluster_0": "30",
  "cluster_1": "14",
  "cluster_10": "4",
  "cluster_11": "3",
  "cluster_12": "23",
  "cluster_13": "28",
  "cluster_14": "11",
  "cluster_15": "26",
  "cluster_16": "22",
  "cluster_17": "27",
  "cluster_18": "5",
  "cluster_19": "20",
  "cluster_2": "1",
  "cluster_20": "10",
  "cluster_21": "18",
  "cluster_22": "29",
  "cluster_23": "8",
  "cluster_24": "12",
  "cluster_25": "16",
  "cluster_3": "17",
  "cluster_4": "2",
  "cluster_5": "13",
  "cluster_6": "24",
  "cluster_7": "21",
  "cluster_8": "31",
  "cluster_9": "19"
}