{
  "cluster_0": "21",
  "cluster_1": "14",
  "cluster_10": "13",
  "cluster_11": "20",
  "cluster_12": "22",
  "cluster_13": "8",
  "cluster_14": "5",
  "cluster_15": "12",
  "cluster_16": "11",
  "cluster_17": "9",
  "cluster_18": "25",
  "cluster_19": "29",
  "cluster_2": "4",
  "cluster_20": "3",
  "cluster_21": "6",
  "cluster_22": "24",
  "cluster_23": "27",
  "cluster_3": "17",
  "cluster_4": "2",
  "cluster_5": "31",
  "cluster_6": "19",
  "cluster_7": "23",
  "cluster_8": "7",
  "cluster_9": "28"
}