{
  "cluster_0": "21",
  "cluster_1": "0",
  "cluster_10": "17",
  "cluster_11": "16",
  "cluster_12": "6",
  "cluster_13": "5",
  "cluster_14": "12",
  "cluster_15": "22",
  "cluster_16": "14",
  "cluster_17": "8",
  "cluster_18": "26",
  "cluster_19": "23",
  "cluster_2": "2",
  "cluster_20": "11",
  "cluster_21": "24",
  "cluster_22": "18",
  "cluster_23": "27",
  "cluster_24": "15",
  "cluster_25": "3",
  "cluster_3": "4",
  "cluster_4": "1",
  "cluster_5": "25",
  "cluster_6": "19",
  "cluster_7": "20",
  "cluster_8": "13",
  "cluster_9": "7"
}