{
  "cluster_0": "1",
  "cluster_1": "0",
  "cluster_10": "12",
  "cluster_11": "22",
  "cluster_12": "17",
  "cluster_13": "21",
  "cluster_14": "28",
  "cluster_15": "13",
  "cluster_16": "19",
  "cluster_17": "15",
  "cluster_18": "29",
  "cluster_19": "3",
  "cluster_2": "14",
  "cluster_20": "9",
  "cluster_21": "30",
  "cluster_22": "31",
  "cluster_23": "18",
  "cluster_3": "26",
  "cluster_4": "10",
  "cluster_5": "25",
  "cluster_6": "11",
  "cluster_7": "16",
  "cluster_8": "24",
  "cluster_9": "20"
}