{
  "cluster_0": "0",
  "cluster_1": "19",
  "cluster_10": "13",
  "cluster_11": "16",
  "cluster_12": "23",
  "cluster_13": "1",
  "cluster_14": "15",
  "cluster_15": "27",
  "cluster_16": "4",
  "cluster_17": "20",
  "cluster_18": "24",
  "cluster_19": "11",
  "cluster_2": "6",
  "cluster_20": "9",
  "cluster_21": "18",
  "cluster_22": "3",
  "cluster_23": "26",
  "cluster_24": "10",
  "cluster_25": "2",
  "cluster_26": "14",
  "cluster_3": "12",
  "cluster_4": "25",
  "cluster_5": "7",
  "cluster_6": "21",
  "cluster_7": "17",
  "cluster_8": "28",
  "cluster_9": "5"
}