{
  "cluster_0": "11",
  "cluster_1": "1",
  "cluster_10": "24",
  "cluster_11": "6",
  "cluster_12": "30",
  "cluster_13": "21",
  "cluster_14": "5",
  "cluster_15": "28",
  "cluster_16": "25",
  "cluster_17": "12",
  "cluster_18": "16",
  "cluster_19": "8",
  "cluster_2": "0",
  "cluster_20": "9",
  "cluster_21": "26",
  "cluster_22": "22",
  "cluster_23": "29",
  "cluster_24": "27",
  "cluster_25": "19",
  "cluster_26": "23",
  "cluster_27": "15",
  "cluster_3": "18",
  "cluster_4": "13",
  "cluster_5": "2",
  "cluster_6": "20",
  "cluster_7": "7",
  "cluster_8": "31",
  "cluster_9": "17"
}