{
  "cluster_0": "28",
  "cluster_1": "2",
  "cluster_10": "22",
  "cluster_11": "17",
  "cluster_12": "11",
  "cluster_13": "14",
  "cluster_14": "20",
  "cluster_15": "29",
  "cluster_16": "12",
  "cluster_17": "10",
  "cluster_18": "5",
  "cluster_19": "8",
  "cluster_2": "23",
  "cluster_20": "24",
  "cluster_21": "9",
  "cluster_22": "0",
  "cluster_23": "27",
  "cluster_24": "3",
  "cluster_3": "30",
  "cluster_4": "18",
  "cluster_5": "4",
  "cluster_6": "13",
  "cluster_7": "26",
  "cluster_8": "19",
  "cluster_9": "25"
}