{
  "cluster_0": "17",
  "cluster_1": "0",
  "cluster_10": "23",
  "cluster_11": "25",
  "cluster_12": "31",
  "cluster_13": "27",
  "cluster_14": "22",
  "cluster_15": "15",
  "cluster_16": "3",
  "cluster_17": "8",
  "cluster_18": "21",
  "cluster_19": "12",
  "cluster_2": "4",
  "cluster_20": "11",
  "cluster_21": "10",
  "cluster_22": "24",
  "cluster_23": "26",
  "cluster_24": "29",
  "cluster_25": "5",
  "cluster_3": "14",
  "cluster_4": "6",
  "cluster_5": "1",
  "cluster_6": "20",
  "cluster_7": "28",
  "cluster_8": "19",
  "cluster_9": "16"
}