{
  "cluster_0": "0",
  "cluster_1": "6",
  "cluster_10": "21",
  "cluster_11": "8",
  "cluster_12": "31",
  "cluster_13": "27",
  "cluster_14": "17",
  "cluster_15": "18",
  "cluster_16": "4",
  "cluster_17": "14",
  "cluster_18": "24",
  "cluster_19": "15",
  "cluster_2": "7",
  "cluster_20": "9",
  "cluster_21": "22",
  "cluster_22": "11",
  "cluster_23": "3",
  "cluster_3": "25",
  "cluster_4": "16",
  "cluster_5": "20",
  "cluster_6": "19",
  "cluster_7": "5",
  "cluster_8": "30",
  "cluster_9": "10"
}