{
  "cluster_0": "8",
  "cluster_1": "12",
  "cluster_10": "24",
  "cluster_11": "13",
  "cluster_12": "25",
  "cluster_13": "9",
  "cluster_14": "23",
  "cluster_15": "15",
  "cluster_16": "20",
  "cluster_17": "28",
  "cluster_18": "18",
  "cluster_19": "14",
  "cluster_2": "3",
  "cluster_20": "21",
  "cluster_21": "0",
  "cluster_22": "22",
  "cluster_23": "11",
  "cluster_24": "16",
  "cluster_3": "2",
  "cluster_4": "7",
  "cluster_5": "4",
  "cluster_6": "17",
  "cluster_7": "31",
  "cluster_8": "1",
  "cluster_9": "6"
}